<?xml version="1.0" encoding="UTF-8"?>
<architect-project version="1.0" appversion="1.0.8">
 <project-name>aula 2.2</project-name>
 <print-settings numCopies="1" zoom="1.0" pageNumbersPrinted="true" orientation="1" paperWidth="612.0" paperHeight="792.0" leftBorder="50.0" rightBorder="50.0" topBorder="50.0" bottomBorder="50.0" />
 <project-data-sources>
  <data-source id="DS0">
   <property key="Logical" value="Modelo de Dados" />
  </data-source>
 </project-data-sources>
 <source-databases>
 </source-databases>
 <target-database id="ppdb" dbcs-ref="DS0">
  <table id="TAB1" populated="true" UUID="b453521f-e4c9-4bf7-a8b5-b5afc71310d2" name="itens pedidos" objectType="TABLE" physicalName="itens pedidos" >
   <remarks></remarks>
   <folder id="FOLTAB11" populated="true" name="Columns" physicalName="Columns" type="1">
    <column id="COL2" populated="true" UUID="2685952b-275d-4d6a-90ea-814571d10806" autoIncrement="false" autoIncrementSequenceName="pedidos_nota_fiscal_seq" defaultValue="" name="nota_fiscal" nullable="0" physicalName="nota_fiscal" precision="0" primaryKeySeq="0" referenceCount="1" scale="0" sourceDataTypeName="UserDefinedSQLType" type="-9" userDefinedTypeUUID="087a20b8-b387-474a-b9c8-55eb87aff017" >
     <remarks></remarks>
    </column>
    <column id="COL3" populated="true" UUID="82a5eecf-b8a2-4723-a881-8a62eb167e73" autoIncrement="false" autoIncrementSequenceName="itens pedidos_cod_produto_seq" defaultValue="" name="cod_produto" nullable="0" physicalName="cod_produto" precision="0" primaryKeySeq="1" referenceCount="1" scale="0" sourceDataTypeName="UserDefinedSQLType" type="4" userDefinedTypeUUID="63b011c7-c81f-4c75-8271-632b3c87f727" >
     <remarks></remarks>
    </column>
    <column id="COL4" populated="true" UUID="fcac35d3-f74c-40bd-a521-e5f8f5da5fa8" autoIncrement="false" autoIncrementSequenceName="itens pedidos_produto_seq" defaultValue="" name="produto" nullable="0" physicalName="produto" precision="0" referenceCount="1" scale="0" sourceDataTypeName="UserDefinedSQLType" type="-9" userDefinedTypeUUID="087a20b8-b387-474a-b9c8-55eb87aff017" >
     <remarks></remarks>
    </column>
    <column id="COL5" populated="true" UUID="e4e0cb6d-33b7-49cc-ab00-f4c8a998779a" autoIncrement="false" autoIncrementSequenceName="itens pedidos_qtd_vendida_seq" defaultValue="" name="qtd_vendida" nullable="0" physicalName="qtd_vendida" precision="0" referenceCount="1" scale="0" sourceDataTypeName="UserDefinedSQLType" type="4" userDefinedTypeUUID="63b011c7-c81f-4c75-8271-632b3c87f727" >
     <remarks></remarks>
    </column>
    <column id="COL6" populated="true" UUID="b5ddc4c4-9160-4080-8b49-65b1536e3b00" autoIncrement="false" autoIncrementSequenceName="itens pedidos_qtd_estoque_seq" defaultValue="" name="qtd_estoque" nullable="0" physicalName="qtd_estoque" precision="0" referenceCount="1" scale="0" sourceDataTypeName="UserDefinedSQLType" type="4" userDefinedTypeUUID="63b011c7-c81f-4c75-8271-632b3c87f727" >
     <remarks></remarks>
    </column>
    <column id="COL7" populated="true" UUID="73b0676d-9030-465a-8b74-d4d81dd3199c" autoIncrement="false" autoIncrementSequenceName="itens pedidos_valor_unitario_seq" defaultValue="" name="valor_unitario" nullable="0" physicalName="valor_unitario" precision="0" referenceCount="1" scale="0" sourceDataTypeName="UserDefinedSQLType" type="3" userDefinedTypeUUID="cc1304ea-628a-4fc5-a84a-06ba14759152" >
     <remarks></remarks>
    </column>
    </folder>
    <folder id="FOLTAB13" populated="true" name="Exported Keys" physicalName="Exported Keys" type="3">
    </folder>
    <folder id="FOLTAB12" populated="true" name="Imported Keys" physicalName="Imported Keys" type="2">
    </folder>
    <folder id="FOLTAB14" populated="true" name="Indices" physicalName="Indices" type="4">
    <index id="IDX8" populated="true" UUID="878ff317-a5aa-4658-86c9-4152f20de767" clustered="false" name="itens pedidos_pk" physicalName="itens pedidos_pk" primaryKeyIndex="true" unique="false" >
     <index-column id="IDC9" populated="true" UUID="812d655f-4beb-463e-b042-9b1b8b573726" ascendingOrDescending="UNSPECIFIED" column-ref="COL2" name="nota_fiscal" physicalName="nota_fiscal" />
     <index-column id="IDC10" populated="true" UUID="ea2f355f-3c25-46b3-9f08-4f177fdd99ec" ascendingOrDescending="UNSPECIFIED" column-ref="COL3" name="cod_produto" physicalName="cod_produto" />
    </index>
   </folder>
  </table>
  <table id="TAB11" populated="true" UUID="e69c8299-868d-4ea7-b77d-5e9b36ed207b" name="pedidos" objectType="TABLE" physicalName="pedidos" >
   <remarks></remarks>
   <folder id="FOLTAB111" populated="true" name="Columns" physicalName="Columns" type="1">
    <column id="COL12" populated="true" UUID="06d28210-c6ce-4b05-8ad8-790fad6f825a" autoIncrement="false" autoIncrementSequenceName="pedidos_nota_fiscal_seq" defaultValue="" name="nota_fiscal" nullable="0" physicalName="nota_fiscal" precision="0" primaryKeySeq="0" referenceCount="1" scale="0" sourceDataTypeName="UserDefinedSQLType" type="-9" userDefinedTypeUUID="087a20b8-b387-474a-b9c8-55eb87aff017" >
     <remarks></remarks>
    </column>
    <column id="COL13" populated="true" UUID="4cc6fc40-886f-491d-a2a6-79a71082ac96" autoIncrement="false" autoIncrementSequenceName="pedidos_cod_vendedor_seq" defaultValue="" name="cod_vendedor" nullable="0" physicalName="cod_vendedor" precision="0" referenceCount="1" scale="0" sourceDataTypeName="UserDefinedSQLType" type="4" userDefinedTypeUUID="63b011c7-c81f-4c75-8271-632b3c87f727" >
     <remarks></remarks>
    </column>
    <column id="COL14" populated="true" UUID="da54db23-70cd-4fd9-83ee-3795c666cd6d" autoIncrement="false" autoIncrementSequenceName="pedidos_vendedor_seq" defaultValue="" name="vendedor" nullable="0" physicalName="vendedor" precision="0" referenceCount="1" scale="0" sourceDataTypeName="UserDefinedSQLType" type="-9" userDefinedTypeUUID="087a20b8-b387-474a-b9c8-55eb87aff017" >
     <remarks></remarks>
    </column>
    <column id="COL15" populated="true" UUID="d615ab35-0ed2-485e-9059-1ced0406bbab" autoIncrement="false" autoIncrementSequenceName="pedidos_valor_venda_seq" defaultValue="" name="valor_venda" nullable="0" physicalName="valor_venda" precision="0" referenceCount="1" scale="0" sourceDataTypeName="UserDefinedSQLType" type="3" userDefinedTypeUUID="cc1304ea-628a-4fc5-a84a-06ba14759152" >
     <remarks></remarks>
    </column>
    <column id="COL16" populated="true" UUID="316d51d0-f677-4be5-83be-fe590b01931c" autoIncrement="false" autoIncrementSequenceName="pedidos_data_pedido_seq" defaultValue="" name="data_pedido" nullable="0" physicalName="data_pedido" precision="0" referenceCount="1" scale="0" sourceDataTypeName="UserDefinedSQLType" type="91" userDefinedTypeUUID="ee349be3-6af2-46e1-b305-975f5354b009" >
     <remarks></remarks>
    </column>
    <column id="COL17" populated="true" UUID="c63eb7a7-9101-455f-8019-62ed6bfde09a" autoIncrement="false" autoIncrementSequenceName="pedidos_prazo_entrega_seq" defaultValue="" name="prazo_entrega" nullable="0" physicalName="prazo_entrega" precision="0" referenceCount="1" scale="0" sourceDataTypeName="UserDefinedSQLType" type="91" userDefinedTypeUUID="ee349be3-6af2-46e1-b305-975f5354b009" >
     <remarks></remarks>
    </column>
    <column id="COL18" populated="true" UUID="8fc4a6f2-82fa-468d-89c7-7f571c4394cd" autoIncrement="false" autoIncrementSequenceName="pedidos_cpf_seq" defaultValue="" name="cpf" nullable="0" physicalName="cpf" precision="0" referenceCount="1" scale="0" sourceDataTypeName="UserDefinedSQLType" type="-9" userDefinedTypeUUID="087a20b8-b387-474a-b9c8-55eb87aff017" >
     <remarks></remarks>
    </column>
    <column id="COL19" populated="true" UUID="58fab05e-a8f7-4de2-8e30-329b8e5c618e" autoIncrement="false" autoIncrementSequenceName="pedidos_cliente_seq" defaultValue="" name="cliente" nullable="0" physicalName="cliente" precision="0" referenceCount="1" scale="0" sourceDataTypeName="UserDefinedSQLType" type="-9" userDefinedTypeUUID="087a20b8-b387-474a-b9c8-55eb87aff017" >
     <remarks></remarks>
    </column>
    <column id="COL20" populated="true" UUID="a8abe74c-48f3-4a44-91fe-52e1dc0f224f" autoIncrement="false" autoIncrementSequenceName="pedidos_endereco_seq" defaultValue="" name="endereco" nullable="0" physicalName="endereco" precision="0" referenceCount="1" scale="0" sourceDataTypeName="UserDefinedSQLType" type="-9" userDefinedTypeUUID="087a20b8-b387-474a-b9c8-55eb87aff017" >
     <remarks></remarks>
    </column>
    <column id="COL21" populated="true" UUID="9cea9695-9b90-42b5-87ee-2c6677c12b68" autoIncrement="false" autoIncrementSequenceName="pedidos_telefone_seq" defaultValue="" name="telefone" nullable="0" physicalName="telefone" precision="0" referenceCount="1" scale="0" sourceDataTypeName="UserDefinedSQLType" type="-9" userDefinedTypeUUID="087a20b8-b387-474a-b9c8-55eb87aff017" >
     <remarks></remarks>
    </column>
    </folder>
    <folder id="FOLTAB113" populated="true" name="Exported Keys" physicalName="Exported Keys" type="3">
    </folder>
    <folder id="FOLTAB112" populated="true" name="Imported Keys" physicalName="Imported Keys" type="2">
    </folder>
    <folder id="FOLTAB114" populated="true" name="Indices" physicalName="Indices" type="4">
    <index id="IDX22" populated="true" UUID="a62ce212-fd88-408b-ad69-4edecb3eaa79" clustered="false" name="nota_fiscal" physicalName="nota_fiscal" primaryKeyIndex="true" unique="false" >
     <index-column id="IDC23" populated="true" UUID="e64d8d56-af1a-432e-ac6c-8fc842e3dfe7" ascendingOrDescending="UNSPECIFIED" column-ref="COL12" name="nota_fiscal" physicalName="nota_fiscal" />
    </index>
   </folder>
  </table>
  <relationships>
  </relationships>
 </target-database>
 <ddl-generator type="ca.sqlpower.architect.ddl.GenericDDLGenerator" allow-connection="true"> </ddl-generator>
 <liquibase-settings useSeparateChangeSets="false" generateId="false" idStart="1"/>
 <create-kettle-job-settings filePath="" jobName="" schemaName="" kettleJoinType="0" savingToFile="true" />
 <play-pen zoom="1.414213562373095" viewportX="0" viewportY="0" relationship-style="rectilinear" names-displayLogicalNames="true" showPrimaryTag="true" showForeignTag="true" showAlternateTag="true" columnVisibility="ALL" relationshipLabelVisibility="true">
  <table-pane table-ref="TAB1" x="301" y="96" bgColor="0xeeeeee" fgColor="0x000000" rounded="false" dashed="false"/>
  <table-pane table-ref="TAB11" x="31" y="71" bgColor="0xf0f0f0" fgColor="0x000000" rounded="false" dashed="false"/>
 </play-pen>
 <critic-manager>
  <critic-grouping platformType="Generic" enabled="true">
   <critic-settings class="ca.sqlpower.architect.ddl.critic.impl.PrimaryKeyCritic" severity="ERROR"/>
   <critic-settings class="ca.sqlpower.architect.ddl.critic.impl.RelationshipMappingTypeCritic" severity="ERROR"/>
   <critic-settings class="ca.sqlpower.architect.ddl.critic.impl.EmptyRelationshipCritic" severity="ERROR"/>
   <critic-settings class="ca.sqlpower.architect.ddl.critic.impl.AlphaNumericNameCritic" severity="ERROR"/>
   <critic-settings class="ca.sqlpower.architect.ddl.critic.impl.AlphaNumericSequenceNameCritic" severity="ERROR"/>
   <critic-settings class="ca.sqlpower.architect.ddl.critic.impl.SetDefaultOnColumnWithNoDefaultCritic" severity="ERROR"/>
   <critic-settings class="ca.sqlpower.architect.ddl.critic.impl.SetNullOnNonNullableColumnCritic" severity="ERROR"/>
   <critic-settings class="ca.sqlpower.architect.ddl.critic.impl.DuplicateNameCritic" severity="ERROR"/>
  </critic-grouping>
  <critic-grouping platformType="DB2" enabled="true">
   <critic-settings class="ca.sqlpower.architect.ddl.critic.impl.DB2UnsupportedFeaturesCritic" severity="ERROR"/>
  </critic-grouping>
  <critic-grouping platformType="H2" enabled="true">
   <critic-settings class="ca.sqlpower.architect.ddl.critic.impl.H2UnsupportedFeaturesCritic" severity="ERROR"/>
  </critic-grouping>
  <critic-grouping platformType="HSQLDB" enabled="true">
   <critic-settings class="ca.sqlpower.architect.ddl.critic.impl.HSQLDBUnsupportedFeaturesCritic" severity="ERROR"/>
  </critic-grouping>
  <critic-grouping platformType="MySQL" enabled="true">
   <critic-settings class="ca.sqlpower.architect.ddl.critic.impl.MySQLCommentCritic" severity="ERROR"/>
   <critic-settings class="ca.sqlpower.architect.ddl.critic.impl.MySQLReservedWordsCritic" severity="ERROR"/>
   <critic-settings class="ca.sqlpower.architect.ddl.critic.impl.MySQLUnsupportedFeaturesCritic" severity="ERROR"/>
  </critic-grouping>
  <critic-grouping platformType="Oracle" enabled="true">
   <critic-settings class="ca.sqlpower.architect.ddl.critic.impl.OraclePhysicalNameCritic" severity="ERROR"/>
   <critic-settings class="ca.sqlpower.architect.ddl.critic.impl.OracleReservedWordsCritic" severity="ERROR"/>
   <critic-settings class="ca.sqlpower.architect.ddl.critic.impl.OracleUnsupportedFeaturesCritic" severity="ERROR"/>
  </critic-grouping>
  <critic-grouping platformType="PostgreSQL" enabled="true">
   <critic-settings class="ca.sqlpower.architect.ddl.critic.impl.PostgreSQLReservedWordsCritic" severity="ERROR"/>
  </critic-grouping>
  <critic-grouping platformType="SQL Server" enabled="true">
   <critic-settings class="ca.sqlpower.architect.ddl.critic.impl.SQLServerUnsupportedFeaturesCritic" severity="ERROR"/>
   <critic-settings class="ca.sqlpower.architect.ddl.critic.impl.SQLServerReservedWordsCritic" severity="ERROR"/>
  </critic-grouping>
  <critic-grouping platformType="SQL Server 2000" enabled="true">
   <critic-settings class="ca.sqlpower.architect.ddl.critic.impl.SQLServer2000UnsupportedFeaturesCritic" severity="ERROR"/>
  </critic-grouping>
  <critic-grouping platformType="SQL Server 2005" enabled="true">
   <critic-settings class="ca.sqlpower.architect.ddl.critic.impl.SQLServer2005UnsupportedFeaturesCritic" severity="ERROR"/>
  </critic-grouping>
 </critic-manager>
 <profiles topNCount="10">
  </profiles>
  <olap>
  </olap>
  <olap-gui>
  </olap-gui>
</architect-project>
