<?xml version="1.0" encoding="UTF-8"?>
<architect-project version="1.0" appversion="1.0.8">
 <project-name>aula 3.2</project-name>
 <print-settings numCopies="1" zoom="1.0" pageNumbersPrinted="true" orientation="1" paperWidth="612.0" paperHeight="792.0" leftBorder="50.0" rightBorder="50.0" topBorder="50.0" bottomBorder="50.0" />
 <project-data-sources>
  <data-source id="DS0">
   <property key="Logical" value="Modelo de Dados" />
  </data-source>
 </project-data-sources>
 <source-databases>
 </source-databases>
 <target-database id="ppdb" dbcs-ref="DS0">
  <table id="TAB1" populated="true" UUID="2f57229c-dc4e-446b-8cb3-5a3aa87de8dd" name="itens pedidos" objectType="TABLE" physicalName="itens pedidos" >
   <remarks></remarks>
   <folder id="FOLTAB11" populated="true" name="Columns" physicalName="Columns" type="1">
    <column id="COL2" populated="true" UUID="2c66194f-649d-4e9f-b586-136755ad93ed" autoIncrement="false" autoIncrementSequenceName="pedidos_nota_fiscal_seq" defaultValue="" name="nota_fiscal" nullable="0" physicalName="nota_fiscal" precision="0" primaryKeySeq="0" referenceCount="1" scale="0" sourceDataTypeName="UserDefinedSQLType" type="-9" userDefinedTypeUUID="087a20b8-b387-474a-b9c8-55eb87aff017" >
     <remarks></remarks>
    </column>
    <column id="COL3" populated="true" UUID="789f2eae-1da4-4f31-90bf-83d8dadd4698" autoIncrement="false" autoIncrementSequenceName="itens pedidos_cod_produto_seq" defaultValue="" name="cod_produto" nullable="0" physicalName="cod_produto" precision="0" primaryKeySeq="1" referenceCount="1" scale="0" sourceDataTypeName="UserDefinedSQLType" type="4" userDefinedTypeUUID="63b011c7-c81f-4c75-8271-632b3c87f727" >
     <remarks></remarks>
    </column>
    <column id="COL4" populated="true" UUID="d51ea214-b33e-4b6c-9774-bbea035197f0" autoIncrement="false" autoIncrementSequenceName="itens pedidos_qtd_vendida_seq" defaultValue="" name="qtd_vendida" nullable="0" physicalName="qtd_vendida" precision="0" referenceCount="1" scale="0" sourceDataTypeName="UserDefinedSQLType" type="4" userDefinedTypeUUID="63b011c7-c81f-4c75-8271-632b3c87f727" >
     <remarks></remarks>
    </column>
    </folder>
    <folder id="FOLTAB13" populated="true" name="Exported Keys" physicalName="Exported Keys" type="3">
    </folder>
    <folder id="FOLTAB12" populated="true" name="Imported Keys" physicalName="Imported Keys" type="2">
    </folder>
    <folder id="FOLTAB14" populated="true" name="Indices" physicalName="Indices" type="4">
    <index id="IDX5" populated="true" UUID="fcdf6af6-dd43-4a6e-9872-87d4b9bcced4" clustered="false" name="itens pedidos_pk" physicalName="itens pedidos_pk" primaryKeyIndex="true" unique="false" >
     <index-column id="IDC6" populated="true" UUID="232ccc2c-1b62-4e50-9688-66cfbb736aa0" ascendingOrDescending="UNSPECIFIED" column-ref="COL2" name="nota_fiscal" physicalName="nota_fiscal" />
     <index-column id="IDC7" populated="true" UUID="6951b02a-6900-4528-a69d-740f12d4152d" ascendingOrDescending="UNSPECIFIED" column-ref="COL3" name="cod_produto" physicalName="cod_produto" />
    </index>
   </folder>
  </table>
  <table id="TAB8" populated="true" UUID="04d020c8-15b9-417b-bf07-0672252e8973" name="produtos" objectType="TABLE" physicalName="produtos" >
   <remarks></remarks>
   <folder id="FOLTAB81" populated="true" name="Columns" physicalName="Columns" type="1">
    <column id="COL9" populated="true" UUID="b4d7195a-60ca-415b-9686-9eedaaf1b175" autoIncrement="false" autoIncrementSequenceName="itens pedidos_cod_produto_seq" defaultValue="" name="cod_produto" nullable="0" physicalName="cod_produto" precision="0" primaryKeySeq="0" referenceCount="1" scale="0" sourceDataTypeName="UserDefinedSQLType" type="4" userDefinedTypeUUID="63b011c7-c81f-4c75-8271-632b3c87f727" >
     <remarks></remarks>
    </column>
    <column id="COL10" populated="true" UUID="8a86540e-c4b2-46a8-ad28-48f777815392" autoIncrement="false" autoIncrementSequenceName="itens pedidos_produto_seq" defaultValue="" name="produto" nullable="0" physicalName="produto" precision="0" referenceCount="1" scale="0" sourceDataTypeName="UserDefinedSQLType" type="-9" userDefinedTypeUUID="087a20b8-b387-474a-b9c8-55eb87aff017" >
     <remarks></remarks>
    </column>
    <column id="COL11" populated="true" UUID="5a55b406-dfa8-4f15-982f-7536af0c357e" autoIncrement="false" autoIncrementSequenceName="itens pedidos_valor_unitario_seq" defaultValue="" name="valor_unitario" nullable="0" physicalName="valor_unitario" precision="0" referenceCount="1" scale="0" sourceDataTypeName="UserDefinedSQLType" type="3" userDefinedTypeUUID="cc1304ea-628a-4fc5-a84a-06ba14759152" >
     <remarks></remarks>
    </column>
    <column id="COL12" populated="true" UUID="1ac841e5-a1c1-4eee-ac32-446bda819d95" autoIncrement="false" autoIncrementSequenceName="itens pedidos_qtd_estoque_seq" defaultValue="" name="qtd_estoque" nullable="0" physicalName="qtd_estoque" precision="0" referenceCount="1" scale="0" sourceDataTypeName="UserDefinedSQLType" type="4" userDefinedTypeUUID="63b011c7-c81f-4c75-8271-632b3c87f727" >
     <remarks></remarks>
    </column>
    </folder>
    <folder id="FOLTAB83" populated="true" name="Exported Keys" physicalName="Exported Keys" type="3">
    </folder>
    <folder id="FOLTAB82" populated="true" name="Imported Keys" physicalName="Imported Keys" type="2">
    </folder>
    <folder id="FOLTAB84" populated="true" name="Indices" physicalName="Indices" type="4">
    <index id="IDX13" populated="true" UUID="9b7a705e-85d6-43f4-9acc-298a41ba360b" clustered="false" name="produtos_pk" physicalName="produtos_pk" primaryKeyIndex="true" unique="false" >
     <index-column id="IDC14" populated="true" UUID="f17c5df1-1474-4d26-98bc-2cc53f0b1e3f" ascendingOrDescending="UNSPECIFIED" column-ref="COL9" name="cod_produto" physicalName="cod_produto" />
    </index>
   </folder>
  </table>
  <table id="TAB15" populated="true" UUID="f0236630-248e-421c-96c4-5dbb4723d55b" name="pedidos" objectType="TABLE" physicalName="pedidos" >
   <remarks></remarks>
   <folder id="FOLTAB151" populated="true" name="Columns" physicalName="Columns" type="1">
    <column id="COL16" populated="true" UUID="32bcc873-d833-4320-a75f-ba1a04cef271" autoIncrement="false" autoIncrementSequenceName="pedidos_nota_fiscal_seq" defaultValue="" name="nota_fiscal" nullable="0" physicalName="nota_fiscal" precision="0" primaryKeySeq="0" referenceCount="1" scale="0" sourceDataTypeName="UserDefinedSQLType" type="-9" userDefinedTypeUUID="087a20b8-b387-474a-b9c8-55eb87aff017" >
     <remarks></remarks>
    </column>
    <column id="COL17" populated="true" UUID="c372375e-4512-4b1c-8209-73977fa0533f" autoIncrement="false" autoIncrementSequenceName="pedidos_cod_vendedor_seq" defaultValue="" name="cod_vendedor" nullable="0" physicalName="cod_vendedor" precision="0" primaryKeySeq="1" referenceCount="1" scale="0" sourceDataTypeName="UserDefinedSQLType" type="4" userDefinedTypeUUID="63b011c7-c81f-4c75-8271-632b3c87f727" >
     <remarks></remarks>
    </column>
    <column id="COL18" populated="true" UUID="e63dc92a-0e2c-48b8-9f27-8ee989c18ee4" autoIncrement="false" autoIncrementSequenceName="pedidos_cpf_seq" defaultValue="" name="cpf" nullable="0" physicalName="cpf" precision="0" primaryKeySeq="2" referenceCount="1" scale="0" sourceDataTypeName="UserDefinedSQLType" type="-9" userDefinedTypeUUID="087a20b8-b387-474a-b9c8-55eb87aff017" >
     <remarks></remarks>
    </column>
    <column id="COL19" populated="true" UUID="f28ad2c9-f124-4040-9c86-7c65158d5d6d" autoIncrement="false" autoIncrementSequenceName="pedidos_valor_venda_seq" defaultValue="" name="valor_venda" nullable="0" physicalName="valor_venda" precision="0" referenceCount="1" scale="0" sourceDataTypeName="UserDefinedSQLType" type="3" userDefinedTypeUUID="cc1304ea-628a-4fc5-a84a-06ba14759152" >
     <remarks></remarks>
    </column>
    <column id="COL20" populated="true" UUID="9f7a14e1-a648-4388-9971-4a19a8944723" autoIncrement="false" autoIncrementSequenceName="pedidos_data_pedido_seq" defaultValue="" name="data_pedido" nullable="0" physicalName="data_pedido" precision="0" referenceCount="1" scale="0" sourceDataTypeName="UserDefinedSQLType" type="91" userDefinedTypeUUID="ee349be3-6af2-46e1-b305-975f5354b009" >
     <remarks></remarks>
    </column>
    <column id="COL21" populated="true" UUID="1f438920-a1bb-4cf5-b3ad-519fd0c8fc44" autoIncrement="false" autoIncrementSequenceName="pedidos_prazo_entrega_seq" defaultValue="" name="prazo_entrega" nullable="0" physicalName="prazo_entrega" precision="0" referenceCount="1" scale="0" sourceDataTypeName="UserDefinedSQLType" type="91" userDefinedTypeUUID="ee349be3-6af2-46e1-b305-975f5354b009" >
     <remarks></remarks>
    </column>
    </folder>
    <folder id="FOLTAB153" populated="true" name="Exported Keys" physicalName="Exported Keys" type="3">
    </folder>
    <folder id="FOLTAB152" populated="true" name="Imported Keys" physicalName="Imported Keys" type="2">
    </folder>
    <folder id="FOLTAB154" populated="true" name="Indices" physicalName="Indices" type="4">
    <index id="IDX22" populated="true" UUID="2becd6d4-fa97-440d-b085-e78f03864851" clustered="false" name="nota_fiscal" physicalName="nota_fiscal" primaryKeyIndex="true" unique="false" >
     <index-column id="IDC23" populated="true" UUID="2a9adb10-a520-4eba-8b52-28d340e1964d" ascendingOrDescending="UNSPECIFIED" column-ref="COL16" name="nota_fiscal" physicalName="nota_fiscal" />
     <index-column id="IDC24" populated="true" UUID="c4accaef-4b19-41f0-a808-9b0cafc90e17" ascendingOrDescending="UNSPECIFIED" column-ref="COL17" name="cod_vendedor" physicalName="cod_vendedor" />
     <index-column id="IDC25" populated="true" UUID="2a4cc3c4-d3f1-44e2-9e56-106016404f25" ascendingOrDescending="UNSPECIFIED" column-ref="COL18" name="cpf" physicalName="cpf" />
    </index>
   </folder>
  </table>
  <table id="TAB26" populated="true" UUID="45268d12-4349-4512-a2cd-1dfefbd2dc78" name="vendedores" objectType="TABLE" physicalName="vendedores" >
   <remarks></remarks>
   <folder id="FOLTAB261" populated="true" name="Columns" physicalName="Columns" type="1">
    <column id="COL27" populated="true" UUID="de6038d5-4ea2-4216-943f-66a1a62743cc" autoIncrement="false" autoIncrementSequenceName="pedidos_cod_vendedor_seq" defaultValue="" name="cod_vendedor" nullable="0" physicalName="cod_vendedor" precision="0" primaryKeySeq="0" referenceCount="1" scale="0" sourceDataTypeName="UserDefinedSQLType" type="4" userDefinedTypeUUID="63b011c7-c81f-4c75-8271-632b3c87f727" >
     <remarks></remarks>
    </column>
    <column id="COL28" populated="true" UUID="80ccbce4-bec2-4f4b-bae8-d350f5a5ce95" autoIncrement="false" autoIncrementSequenceName="pedidos_vendedor_seq" defaultValue="" name="vendedor" nullable="0" physicalName="vendedor" precision="0" referenceCount="1" scale="0" sourceDataTypeName="UserDefinedSQLType" type="-9" userDefinedTypeUUID="087a20b8-b387-474a-b9c8-55eb87aff017" >
     <remarks></remarks>
    </column>
    </folder>
    <folder id="FOLTAB263" populated="true" name="Exported Keys" physicalName="Exported Keys" type="3">
    </folder>
    <folder id="FOLTAB262" populated="true" name="Imported Keys" physicalName="Imported Keys" type="2">
    </folder>
    <folder id="FOLTAB264" populated="true" name="Indices" physicalName="Indices" type="4">
    <index id="IDX29" populated="true" UUID="f4d13aa4-60ed-4998-a50d-3d632d148636" clustered="false" name="vendedores_pk" physicalName="vendedores_pk" primaryKeyIndex="true" unique="false" >
     <index-column id="IDC30" populated="true" UUID="17fd89c4-fa2b-48d8-9df3-5c72e0608b89" ascendingOrDescending="UNSPECIFIED" column-ref="COL27" name="cod_vendedor" physicalName="cod_vendedor" />
    </index>
   </folder>
  </table>
  <table id="TAB31" populated="true" UUID="6f5a654f-646d-45ff-94b4-789ad33dfde8" name="clientes" objectType="TABLE" physicalName="clientes" >
   <remarks></remarks>
   <folder id="FOLTAB311" populated="true" name="Columns" physicalName="Columns" type="1">
    <column id="COL32" populated="true" UUID="42ba4680-0c1c-48cb-9ddc-56c23d2ed32c" autoIncrement="false" autoIncrementSequenceName="pedidos_cpf_seq" defaultValue="" name="cpf" nullable="0" physicalName="cpf" precision="0" primaryKeySeq="0" referenceCount="1" scale="0" sourceDataTypeName="UserDefinedSQLType" type="-9" userDefinedTypeUUID="087a20b8-b387-474a-b9c8-55eb87aff017" >
     <remarks></remarks>
    </column>
    <column id="COL33" populated="true" UUID="02eb65c0-6498-4a8e-aa5f-2ceb93974269" autoIncrement="false" autoIncrementSequenceName="pedidos_endereco_seq" defaultValue="" name="endereco" nullable="0" physicalName="endereco" precision="0" referenceCount="1" scale="0" sourceDataTypeName="UserDefinedSQLType" type="-9" userDefinedTypeUUID="087a20b8-b387-474a-b9c8-55eb87aff017" >
     <remarks></remarks>
    </column>
    <column id="COL34" populated="true" UUID="f79c8cdc-bce2-406e-985a-df6495009722" autoIncrement="false" autoIncrementSequenceName="pedidos_telefone_seq" defaultValue="" name="telefone" nullable="0" physicalName="telefone" precision="0" referenceCount="1" scale="0" sourceDataTypeName="UserDefinedSQLType" type="-9" userDefinedTypeUUID="087a20b8-b387-474a-b9c8-55eb87aff017" >
     <remarks></remarks>
    </column>
    <column id="COL35" populated="true" UUID="289c81fc-1fc7-4f9e-bfce-4769b93e8895" autoIncrement="false" autoIncrementSequenceName="pedidos_cliente_seq" defaultValue="" name="nome" nullable="0" physicalName="nome" precision="0" referenceCount="1" scale="0" sourceDataTypeName="UserDefinedSQLType" type="-9" userDefinedTypeUUID="087a20b8-b387-474a-b9c8-55eb87aff017" >
     <remarks></remarks>
    </column>
    </folder>
    <folder id="FOLTAB313" populated="true" name="Exported Keys" physicalName="Exported Keys" type="3">
    </folder>
    <folder id="FOLTAB312" populated="true" name="Imported Keys" physicalName="Imported Keys" type="2">
    </folder>
    <folder id="FOLTAB314" populated="true" name="Indices" physicalName="Indices" type="4">
    <index id="IDX36" populated="true" UUID="7cde83da-b2c4-4bf9-93b7-d1a2cbfcee03" clustered="false" name="clientes_pk" physicalName="clientes_pk" primaryKeyIndex="true" unique="false" >
     <index-column id="IDC37" populated="true" UUID="d61dc7aa-f663-4e0b-a695-36e8a3ce105a" ascendingOrDescending="UNSPECIFIED" column-ref="COL32" name="cpf" physicalName="cpf" />
    </index>
   </folder>
  </table>
  <relationships>
  </relationships>
 </target-database>
 <ddl-generator type="ca.sqlpower.architect.ddl.GenericDDLGenerator" allow-connection="true"> </ddl-generator>
 <liquibase-settings useSeparateChangeSets="false" generateId="false" idStart="1"/>
 <create-kettle-job-settings filePath="" jobName="" schemaName="" kettleJoinType="0" savingToFile="true" />
 <play-pen zoom="1.414213562373095" viewportX="0" viewportY="0" relationship-style="rectilinear" names-displayLogicalNames="true" showPrimaryTag="true" showForeignTag="true" showAlternateTag="true" columnVisibility="ALL" relationshipLabelVisibility="true">
  <table-pane table-ref="TAB1" x="24" y="29" bgColor="0xf0f0f0" fgColor="0x000000" rounded="false" dashed="false"/>
  <table-pane table-ref="TAB8" x="515" y="33" bgColor="0xf0f0f0" fgColor="0x000000" rounded="false" dashed="false"/>
  <table-pane table-ref="TAB15" x="267" y="119" bgColor="0xf0f0f0" fgColor="0x000000" rounded="false" dashed="false"/>
  <table-pane table-ref="TAB26" x="26" y="251" bgColor="0xeeeeee" fgColor="0x000000" rounded="false" dashed="false"/>
  <table-pane table-ref="TAB31" x="538" y="236" bgColor="0xeeeeee" fgColor="0x000000" rounded="false" dashed="false"/>
 </play-pen>
 <critic-manager>
  <critic-grouping platformType="Generic" enabled="true">
   <critic-settings class="ca.sqlpower.architect.ddl.critic.impl.PrimaryKeyCritic" severity="ERROR"/>
   <critic-settings class="ca.sqlpower.architect.ddl.critic.impl.RelationshipMappingTypeCritic" severity="ERROR"/>
   <critic-settings class="ca.sqlpower.architect.ddl.critic.impl.EmptyRelationshipCritic" severity="ERROR"/>
   <critic-settings class="ca.sqlpower.architect.ddl.critic.impl.AlphaNumericNameCritic" severity="ERROR"/>
   <critic-settings class="ca.sqlpower.architect.ddl.critic.impl.AlphaNumericSequenceNameCritic" severity="ERROR"/>
   <critic-settings class="ca.sqlpower.architect.ddl.critic.impl.SetDefaultOnColumnWithNoDefaultCritic" severity="ERROR"/>
   <critic-settings class="ca.sqlpower.architect.ddl.critic.impl.SetNullOnNonNullableColumnCritic" severity="ERROR"/>
   <critic-settings class="ca.sqlpower.architect.ddl.critic.impl.DuplicateNameCritic" severity="ERROR"/>
  </critic-grouping>
  <critic-grouping platformType="DB2" enabled="true">
   <critic-settings class="ca.sqlpower.architect.ddl.critic.impl.DB2UnsupportedFeaturesCritic" severity="ERROR"/>
  </critic-grouping>
  <critic-grouping platformType="H2" enabled="true">
   <critic-settings class="ca.sqlpower.architect.ddl.critic.impl.H2UnsupportedFeaturesCritic" severity="ERROR"/>
  </critic-grouping>
  <critic-grouping platformType="HSQLDB" enabled="true">
   <critic-settings class="ca.sqlpower.architect.ddl.critic.impl.HSQLDBUnsupportedFeaturesCritic" severity="ERROR"/>
  </critic-grouping>
  <critic-grouping platformType="MySQL" enabled="true">
   <critic-settings class="ca.sqlpower.architect.ddl.critic.impl.MySQLCommentCritic" severity="ERROR"/>
   <critic-settings class="ca.sqlpower.architect.ddl.critic.impl.MySQLReservedWordsCritic" severity="ERROR"/>
   <critic-settings class="ca.sqlpower.architect.ddl.critic.impl.MySQLUnsupportedFeaturesCritic" severity="ERROR"/>
  </critic-grouping>
  <critic-grouping platformType="Oracle" enabled="true">
   <critic-settings class="ca.sqlpower.architect.ddl.critic.impl.OraclePhysicalNameCritic" severity="ERROR"/>
   <critic-settings class="ca.sqlpower.architect.ddl.critic.impl.OracleReservedWordsCritic" severity="ERROR"/>
   <critic-settings class="ca.sqlpower.architect.ddl.critic.impl.OracleUnsupportedFeaturesCritic" severity="ERROR"/>
  </critic-grouping>
  <critic-grouping platformType="PostgreSQL" enabled="true">
   <critic-settings class="ca.sqlpower.architect.ddl.critic.impl.PostgreSQLReservedWordsCritic" severity="ERROR"/>
  </critic-grouping>
  <critic-grouping platformType="SQL Server" enabled="true">
   <critic-settings class="ca.sqlpower.architect.ddl.critic.impl.SQLServerUnsupportedFeaturesCritic" severity="ERROR"/>
   <critic-settings class="ca.sqlpower.architect.ddl.critic.impl.SQLServerReservedWordsCritic" severity="ERROR"/>
  </critic-grouping>
  <critic-grouping platformType="SQL Server 2000" enabled="true">
   <critic-settings class="ca.sqlpower.architect.ddl.critic.impl.SQLServer2000UnsupportedFeaturesCritic" severity="ERROR"/>
  </critic-grouping>
  <critic-grouping platformType="SQL Server 2005" enabled="true">
   <critic-settings class="ca.sqlpower.architect.ddl.critic.impl.SQLServer2005UnsupportedFeaturesCritic" severity="ERROR"/>
  </critic-grouping>
 </critic-manager>
 <profiles topNCount="10">
  </profiles>
  <olap>
  </olap>
  <olap-gui>
  </olap-gui>
</architect-project>
