<?xml version="1.0" encoding="UTF-8"?>
<architect-project version="1.0" appversion="1.0.8">
 <project-name>boycecodd</project-name>
 <print-settings numCopies="1" zoom="1.0" pageNumbersPrinted="true" orientation="1" paperWidth="612.0" paperHeight="792.0" leftBorder="50.0" rightBorder="50.0" topBorder="50.0" bottomBorder="50.0" />
 <project-data-sources>
  <data-source id="DS0">
   <property key="Logical" value="Modelo de Dados" />
  </data-source>
 </project-data-sources>
 <source-databases>
 </source-databases>
 <target-database id="ppdb" dbcs-ref="DS0">
  <table id="TAB1" populated="true" UUID="cd41241b-7966-4629-b44c-1bcc6b4b2570" name="fornecedores" objectType="TABLE" physicalName="fornecedores" >
   <remarks></remarks>
   <folder id="FOLTAB11" populated="true" name="Columns" physicalName="Columns" type="1">
    <column id="COL2" populated="true" UUID="29dee1bb-7ac5-4c9d-a147-fa3247ea3a25" autoIncrement="false" autoIncrementSequenceName="fornecedores_cod_fornecedor_seq" defaultValue="" name="cod_fornecedor" nullable="0" physicalName="cod_fornecedor" precision="0" referenceCount="1" scale="0" sourceDataTypeName="UserDefinedSQLType" type="4" userDefinedTypeUUID="63b011c7-c81f-4c75-8271-632b3c87f727" >
     <remarks></remarks>
    </column>
    <column id="COL3" populated="true" UUID="718eede6-ec94-4d94-83eb-65e00bef5223" autoIncrement="false" autoIncrementSequenceName="fornecedores_nome_fornecedor_seq" defaultValue="" name="nome_fornecedor" nullable="0" physicalName="nome_fornecedor" precision="0" referenceCount="1" scale="0" sourceDataTypeName="UserDefinedSQLType" type="-9" userDefinedTypeUUID="087a20b8-b387-474a-b9c8-55eb87aff017" >
     <remarks></remarks>
    </column>
    <column id="COL4" populated="true" UUID="a49eb8a9-a322-43d3-a93b-89a46384abbc" autoIncrement="false" autoIncrementSequenceName="fornecedores_cod_produto_seq" defaultValue="" name="cod_produto" nullable="0" physicalName="cod_produto" precision="0" referenceCount="1" scale="0" sourceDataTypeName="UserDefinedSQLType" type="4" userDefinedTypeUUID="63b011c7-c81f-4c75-8271-632b3c87f727" >
     <remarks></remarks>
    </column>
    <column id="COL5" populated="true" UUID="8b25b735-6ec4-498e-87b8-175cd81b414e" autoIncrement="false" autoIncrementSequenceName="fornecedores_qtd_estoque_seq" defaultValue="" name="qtd_estoque" nullable="0" physicalName="qtd_estoque" precision="0" referenceCount="1" scale="0" sourceDataTypeName="UserDefinedSQLType" type="4" userDefinedTypeUUID="63b011c7-c81f-4c75-8271-632b3c87f727" >
     <remarks></remarks>
    </column>
    </folder>
    <folder id="FOLTAB13" populated="true" name="Exported Keys" physicalName="Exported Keys" type="3">
    </folder>
    <folder id="FOLTAB12" populated="true" name="Imported Keys" physicalName="Imported Keys" type="2">
    </folder>
    <folder id="FOLTAB14" populated="true" name="Indices" physicalName="Indices" type="4">
    <index id="IDX6" populated="true" UUID="886dfa38-3fc9-4580-93a4-5a4a9f021a6b" clustered="false" name="fornecedores_pk" physicalName="fornecedores_pk" primaryKeyIndex="true" unique="false" >
    </index>
   </folder>
  </table>
  <table id="TAB7" populated="true" UUID="11fd301c-2dab-49ba-a58f-c0a6a6b185cf" name="fornecedores" objectType="TABLE" physicalName="fornecedores" >
   <remarks></remarks>
   <folder id="FOLTAB71" populated="true" name="Columns" physicalName="Columns" type="1">
    <column id="COL8" populated="true" UUID="6de2d4fe-1503-4fd0-95b7-182683f7b5ab" autoIncrement="false" autoIncrementSequenceName="fornecedores_cod_fornecedor_seq" defaultValue="" name="cod_fornecedor" nullable="0" physicalName="cod_fornecedor" precision="0" primaryKeySeq="0" referenceCount="1" scale="0" sourceDataTypeName="UserDefinedSQLType" type="4" userDefinedTypeUUID="63b011c7-c81f-4c75-8271-632b3c87f727" >
     <remarks></remarks>
    </column>
    <column id="COL9" populated="true" UUID="e1a058bc-7c3b-471c-95de-01f4054b7f36" autoIncrement="false" autoIncrementSequenceName="fornecedores_nome_fornecedor_seq" defaultValue="" name="nome_fornecedor" nullable="0" physicalName="nome_fornecedor" precision="0" referenceCount="1" scale="0" sourceDataTypeName="UserDefinedSQLType" type="-9" userDefinedTypeUUID="087a20b8-b387-474a-b9c8-55eb87aff017" >
     <remarks></remarks>
    </column>
    </folder>
    <folder id="FOLTAB73" populated="true" name="Exported Keys" physicalName="Exported Keys" type="3">
    </folder>
    <folder id="FOLTAB72" populated="true" name="Imported Keys" physicalName="Imported Keys" type="2">
    </folder>
    <folder id="FOLTAB74" populated="true" name="Indices" physicalName="Indices" type="4">
    <index id="IDX10" populated="true" UUID="f89c869e-5f30-4d62-8c02-e8348ca9e438" clustered="false" name="fornecedores_pk" physicalName="fornecedores_pk" primaryKeyIndex="true" unique="false" >
     <index-column id="IDC11" populated="true" UUID="4167228b-fa4c-423f-9c79-4d81c4a6b292" ascendingOrDescending="UNSPECIFIED" column-ref="COL8" name="cod_fornecedor" physicalName="cod_fornecedor" />
    </index>
   </folder>
  </table>
  <table id="TAB12" populated="true" UUID="d37f8a69-c302-40c6-b473-a9c081881b7e" name="fornecedor produto" objectType="TABLE" physicalName="fornecedor produto" >
   <remarks></remarks>
   <folder id="FOLTAB121" populated="true" name="Columns" physicalName="Columns" type="1">
    <column id="COL13" populated="true" UUID="5659a75b-8184-4dda-8715-54df47fb2afa" autoIncrement="false" autoIncrementSequenceName="fornecedores_cod_fornecedor_seq" defaultValue="" name="cod_fornecedor" nullable="0" physicalName="cod_fornecedor" precision="0" primaryKeySeq="0" referenceCount="1" scale="0" sourceDataTypeName="UserDefinedSQLType" type="4" userDefinedTypeUUID="63b011c7-c81f-4c75-8271-632b3c87f727" >
     <remarks></remarks>
    </column>
    <column id="COL14" populated="true" UUID="32e9bef7-6956-4816-bde4-04df9cb2cf80" autoIncrement="false" autoIncrementSequenceName="fornecedor produto_cod_produto_seq" defaultValue="" name="cod_produto" nullable="0" physicalName="cod_produto" precision="0" primaryKeySeq="1" referenceCount="1" scale="0" sourceDataTypeName="UserDefinedSQLType" type="4" userDefinedTypeUUID="63b011c7-c81f-4c75-8271-632b3c87f727" >
     <remarks></remarks>
    </column>
    <column id="COL15" populated="true" UUID="35268cd0-7ed6-4ef9-b133-9efc1832df4a" autoIncrement="false" autoIncrementSequenceName="fornecedores_qtd_estoque_seq" defaultValue="" name="qtd_estoque" nullable="0" physicalName="qtd_estoque" precision="0" referenceCount="1" scale="0" sourceDataTypeName="UserDefinedSQLType" type="4" userDefinedTypeUUID="63b011c7-c81f-4c75-8271-632b3c87f727" >
     <remarks></remarks>
    </column>
    </folder>
    <folder id="FOLTAB123" populated="true" name="Exported Keys" physicalName="Exported Keys" type="3">
    </folder>
    <folder id="FOLTAB122" populated="true" name="Imported Keys" physicalName="Imported Keys" type="2">
    </folder>
    <folder id="FOLTAB124" populated="true" name="Indices" physicalName="Indices" type="4">
    <index id="IDX16" populated="true" UUID="a70ee1da-3b56-4a36-97ff-07306b4f4f4a" clustered="false" name="fornecedor produto_pk" physicalName="fornecedor produto_pk" primaryKeyIndex="true" unique="false" >
     <index-column id="IDC17" populated="true" UUID="c8d163ae-49f8-4b61-a4e0-17d7ff628e7c" ascendingOrDescending="UNSPECIFIED" column-ref="COL13" name="cod_fornecedor" physicalName="cod_fornecedor" />
     <index-column id="IDC18" populated="true" UUID="08d82439-1318-4a54-916a-4d5b8f7a433e" ascendingOrDescending="UNSPECIFIED" column-ref="COL14" name="cod_produto" physicalName="cod_produto" />
    </index>
   </folder>
  </table>
  <table id="TAB19" populated="true" UUID="11244e5a-f63d-4e4d-9397-7f376b8fcfd1" name="nomeforn_produto" objectType="TABLE" physicalName="nomeforn_produto" >
   <remarks></remarks>
   <folder id="FOLTAB191" populated="true" name="Columns" physicalName="Columns" type="1">
    <column id="COL20" populated="true" UUID="c0586cf7-7fc7-4788-8171-c16f367aeef5" autoIncrement="false" autoIncrementSequenceName="fornecedor produto_cod_produto_seq" defaultValue="" name="cod_produto" nullable="0" physicalName="cod_produto" precision="0" primaryKeySeq="0" referenceCount="1" scale="0" sourceDataTypeName="UserDefinedSQLType" type="4" userDefinedTypeUUID="63b011c7-c81f-4c75-8271-632b3c87f727" >
     <remarks></remarks>
    </column>
    <column id="COL21" populated="true" UUID="ec9d5d78-1406-4fef-ba70-afda1be6a38e" autoIncrement="false" autoIncrementSequenceName="fornecedores_qtd_estoque_seq" defaultValue="" name="qtd_estoque" nullable="0" physicalName="qtd_estoque" precision="0" referenceCount="1" scale="0" sourceDataTypeName="UserDefinedSQLType" type="4" userDefinedTypeUUID="63b011c7-c81f-4c75-8271-632b3c87f727" >
     <remarks></remarks>
    </column>
    <column id="COL22" populated="true" UUID="08808cb8-ae72-4b17-a71e-236c381a2ff9" autoIncrement="false" autoIncrementSequenceName="fornecedores_nome_fornecedor_seq" defaultValue="" name="nome_fornecedor" nullable="0" physicalName="nome_fornecedor" precision="0" referenceCount="1" scale="0" sourceDataTypeName="UserDefinedSQLType" type="-9" userDefinedTypeUUID="087a20b8-b387-474a-b9c8-55eb87aff017" >
     <remarks></remarks>
    </column>
    </folder>
    <folder id="FOLTAB193" populated="true" name="Exported Keys" physicalName="Exported Keys" type="3">
    </folder>
    <folder id="FOLTAB192" populated="true" name="Imported Keys" physicalName="Imported Keys" type="2">
    </folder>
    <folder id="FOLTAB194" populated="true" name="Indices" physicalName="Indices" type="4">
    <index id="IDX23" populated="true" UUID="b96652d0-0e51-474d-8670-c0cd813d15f9" clustered="false" name="nomeforn_produto_pk" physicalName="nomeforn_produto_pk" primaryKeyIndex="true" unique="false" >
     <index-column id="IDC24" populated="true" UUID="4e04fa8d-194a-45c0-8e91-8f3f4b5a6d91" ascendingOrDescending="UNSPECIFIED" column-ref="COL20" name="cod_produto" physicalName="cod_produto" />
    </index>
   </folder>
  </table>
  <relationships>
  </relationships>
 </target-database>
 <ddl-generator type="ca.sqlpower.architect.ddl.GenericDDLGenerator" allow-connection="true"> </ddl-generator>
 <liquibase-settings useSeparateChangeSets="false" generateId="false" idStart="1"/>
 <create-kettle-job-settings filePath="" jobName="" schemaName="" kettleJoinType="0" savingToFile="true" />
 <play-pen zoom="1.4142135623730947" viewportX="0" viewportY="0" relationship-style="rectilinear" names-displayLogicalNames="true" showPrimaryTag="true" showForeignTag="true" showAlternateTag="true" columnVisibility="ALL" relationshipLabelVisibility="true">
  <table-pane table-ref="TAB1" x="69" y="38" bgColor="0xeeeeee" fgColor="0x000000" rounded="false" dashed="false"/>
  <table-pane table-ref="TAB7" x="100" y="172" bgColor="0xeeeeee" fgColor="0x000000" rounded="false" dashed="false"/>
  <table-pane table-ref="TAB12" x="360" y="173" bgColor="0xeeeeee" fgColor="0x000000" rounded="false" dashed="false"/>
  <table-pane table-ref="TAB19" x="227" y="312" bgColor="0xeeeeee" fgColor="0x000000" rounded="false" dashed="false"/>
 </play-pen>
 <critic-manager>
  <critic-grouping platformType="Generic" enabled="true">
   <critic-settings class="ca.sqlpower.architect.ddl.critic.impl.PrimaryKeyCritic" severity="ERROR"/>
   <critic-settings class="ca.sqlpower.architect.ddl.critic.impl.RelationshipMappingTypeCritic" severity="ERROR"/>
   <critic-settings class="ca.sqlpower.architect.ddl.critic.impl.EmptyRelationshipCritic" severity="ERROR"/>
   <critic-settings class="ca.sqlpower.architect.ddl.critic.impl.AlphaNumericNameCritic" severity="ERROR"/>
   <critic-settings class="ca.sqlpower.architect.ddl.critic.impl.AlphaNumericSequenceNameCritic" severity="ERROR"/>
   <critic-settings class="ca.sqlpower.architect.ddl.critic.impl.SetDefaultOnColumnWithNoDefaultCritic" severity="ERROR"/>
   <critic-settings class="ca.sqlpower.architect.ddl.critic.impl.SetNullOnNonNullableColumnCritic" severity="ERROR"/>
   <critic-settings class="ca.sqlpower.architect.ddl.critic.impl.DuplicateNameCritic" severity="ERROR"/>
  </critic-grouping>
  <critic-grouping platformType="DB2" enabled="true">
   <critic-settings class="ca.sqlpower.architect.ddl.critic.impl.DB2UnsupportedFeaturesCritic" severity="ERROR"/>
  </critic-grouping>
  <critic-grouping platformType="H2" enabled="true">
   <critic-settings class="ca.sqlpower.architect.ddl.critic.impl.H2UnsupportedFeaturesCritic" severity="ERROR"/>
  </critic-grouping>
  <critic-grouping platformType="HSQLDB" enabled="true">
   <critic-settings class="ca.sqlpower.architect.ddl.critic.impl.HSQLDBUnsupportedFeaturesCritic" severity="ERROR"/>
  </critic-grouping>
  <critic-grouping platformType="MySQL" enabled="true">
   <critic-settings class="ca.sqlpower.architect.ddl.critic.impl.MySQLCommentCritic" severity="ERROR"/>
   <critic-settings class="ca.sqlpower.architect.ddl.critic.impl.MySQLReservedWordsCritic" severity="ERROR"/>
   <critic-settings class="ca.sqlpower.architect.ddl.critic.impl.MySQLUnsupportedFeaturesCritic" severity="ERROR"/>
  </critic-grouping>
  <critic-grouping platformType="Oracle" enabled="true">
   <critic-settings class="ca.sqlpower.architect.ddl.critic.impl.OraclePhysicalNameCritic" severity="ERROR"/>
   <critic-settings class="ca.sqlpower.architect.ddl.critic.impl.OracleReservedWordsCritic" severity="ERROR"/>
   <critic-settings class="ca.sqlpower.architect.ddl.critic.impl.OracleUnsupportedFeaturesCritic" severity="ERROR"/>
  </critic-grouping>
  <critic-grouping platformType="PostgreSQL" enabled="true">
   <critic-settings class="ca.sqlpower.architect.ddl.critic.impl.PostgreSQLReservedWordsCritic" severity="ERROR"/>
  </critic-grouping>
  <critic-grouping platformType="SQL Server" enabled="true">
   <critic-settings class="ca.sqlpower.architect.ddl.critic.impl.SQLServerUnsupportedFeaturesCritic" severity="ERROR"/>
   <critic-settings class="ca.sqlpower.architect.ddl.critic.impl.SQLServerReservedWordsCritic" severity="ERROR"/>
  </critic-grouping>
  <critic-grouping platformType="SQL Server 2000" enabled="true">
   <critic-settings class="ca.sqlpower.architect.ddl.critic.impl.SQLServer2000UnsupportedFeaturesCritic" severity="ERROR"/>
  </critic-grouping>
  <critic-grouping platformType="SQL Server 2005" enabled="true">
   <critic-settings class="ca.sqlpower.architect.ddl.critic.impl.SQLServer2005UnsupportedFeaturesCritic" severity="ERROR"/>
  </critic-grouping>
 </critic-manager>
 <profiles topNCount="10">
  </profiles>
  <olap>
  </olap>
  <olap-gui>
  </olap-gui>
</architect-project>
