<?xml version="1.0" encoding="UTF-8"?>
<architect-project version="1.0" appversion="1.0.8">
 <project-name>tabelao pedidos</project-name>
 <print-settings numCopies="1" zoom="1.0" pageNumbersPrinted="true" orientation="1" paperWidth="612.0" paperHeight="792.0" leftBorder="50.0" rightBorder="50.0" topBorder="50.0" bottomBorder="50.0" />
 <project-data-sources>
  <data-source id="DS0">
   <property key="Logical" value="Modelo de Dados" />
  </data-source>
 </project-data-sources>
 <source-databases>
 </source-databases>
 <target-database id="ppdb" dbcs-ref="DS0">
  <table id="TAB1" populated="true" UUID="a19c6d78-fd65-47d9-908d-b53de8a5218f" name="pedidos" objectType="TABLE" physicalName="pedidos" >
   <remarks></remarks>
   <folder id="FOLTAB11" populated="true" name="Columns" physicalName="Columns" type="1">
    <column id="COL2" populated="true" UUID="c412db49-c6dd-4423-9403-3df8bb87c477" autoIncrement="false" autoIncrementSequenceName="pedidos_nota_fiscal_seq" defaultValue="" name="nota_fiscal" nullable="0" physicalName="nota_fiscal" precision="0" primaryKeySeq="0" referenceCount="1" scale="0" sourceDataTypeName="UserDefinedSQLType" type="-9" userDefinedTypeUUID="087a20b8-b387-474a-b9c8-55eb87aff017" >
     <remarks></remarks>
    </column>
    <column id="COL3" populated="true" UUID="87ac5be1-f8ac-44ce-bda5-b1af0bb547fb" autoIncrement="false" autoIncrementSequenceName="pedidos_cod_vendedor_seq" defaultValue="" name="cod_vendedor" nullable="0" physicalName="cod_vendedor" precision="0" referenceCount="1" scale="0" sourceDataTypeName="UserDefinedSQLType" type="4" userDefinedTypeUUID="63b011c7-c81f-4c75-8271-632b3c87f727" >
     <remarks></remarks>
    </column>
    <column id="COL4" populated="true" UUID="09e3c0ac-513e-42d2-8058-87b40b24114d" autoIncrement="false" autoIncrementSequenceName="pedidos_vendedor_seq" defaultValue="" name="vendedor" nullable="0" physicalName="vendedor" precision="0" referenceCount="1" scale="0" sourceDataTypeName="UserDefinedSQLType" type="-9" userDefinedTypeUUID="087a20b8-b387-474a-b9c8-55eb87aff017" >
     <remarks></remarks>
    </column>
    <column id="COL5" populated="true" UUID="4117369b-03f3-4109-a5eb-c70973f31e9c" autoIncrement="false" autoIncrementSequenceName="pedidos_cod_produto_seq" defaultValue="" name="cod_produto" nullable="0" physicalName="cod_produto" precision="0" referenceCount="1" scale="0" sourceDataTypeName="UserDefinedSQLType" type="4" userDefinedTypeUUID="63b011c7-c81f-4c75-8271-632b3c87f727" >
     <remarks></remarks>
    </column>
    <column id="COL6" populated="true" UUID="9b05e742-2038-410c-a3a1-cefb4797847d" autoIncrement="false" autoIncrementSequenceName="pedidos_produto_seq" defaultValue="" name="produto" nullable="0" physicalName="produto" precision="0" referenceCount="1" scale="0" sourceDataTypeName="UserDefinedSQLType" type="-9" userDefinedTypeUUID="087a20b8-b387-474a-b9c8-55eb87aff017" >
     <remarks></remarks>
    </column>
    <column id="COL7" populated="true" UUID="21feaf3f-1194-4054-b6c8-4866de466192" autoIncrement="false" autoIncrementSequenceName="pedidos_qtd_vendida_seq" defaultValue="" name="qtd_vendida" nullable="0" physicalName="qtd_vendida" precision="0" referenceCount="1" scale="0" sourceDataTypeName="UserDefinedSQLType" type="4" userDefinedTypeUUID="63b011c7-c81f-4c75-8271-632b3c87f727" >
     <remarks></remarks>
    </column>
    <column id="COL8" populated="true" UUID="7a8c4bb0-1405-4372-8284-8ec5838aef7f" autoIncrement="false" autoIncrementSequenceName="pedidos_qtd_estoque_seq" defaultValue="" name="qtd_estoque" nullable="0" physicalName="qtd_estoque" precision="0" referenceCount="1" scale="0" sourceDataTypeName="UserDefinedSQLType" type="4" userDefinedTypeUUID="63b011c7-c81f-4c75-8271-632b3c87f727" >
     <remarks></remarks>
    </column>
    <column id="COL9" populated="true" UUID="1daf1673-25e9-420c-9474-fa7ed2e44329" autoIncrement="false" autoIncrementSequenceName="pedidos_valor_venda_seq" defaultValue="" name="valor_venda" nullable="0" physicalName="valor_venda" precision="0" referenceCount="1" scale="0" sourceDataTypeName="UserDefinedSQLType" type="3" userDefinedTypeUUID="cc1304ea-628a-4fc5-a84a-06ba14759152" >
     <remarks></remarks>
    </column>
    <column id="COL10" populated="true" UUID="c1375b3a-1d63-491e-90b4-f623a3dd1f3d" autoIncrement="false" autoIncrementSequenceName="pedidos_data_pedido_seq" defaultValue="" name="data_pedido" nullable="0" physicalName="data_pedido" precision="0" referenceCount="1" scale="0" sourceDataTypeName="UserDefinedSQLType" type="91" userDefinedTypeUUID="ee349be3-6af2-46e1-b305-975f5354b009" >
     <remarks></remarks>
    </column>
    <column id="COL11" populated="true" UUID="ea3d1709-13f8-4d58-b746-b037c89f2337" autoIncrement="false" autoIncrementSequenceName="pedidos_prazo_entrega_seq" defaultValue="" name="prazo_entrega" nullable="0" physicalName="prazo_entrega" precision="0" referenceCount="1" scale="0" sourceDataTypeName="UserDefinedSQLType" type="91" userDefinedTypeUUID="ee349be3-6af2-46e1-b305-975f5354b009" >
     <remarks></remarks>
    </column>
    <column id="COL12" populated="true" UUID="962a0f7c-ef69-44e3-962d-8bd4408ff749" autoIncrement="false" autoIncrementSequenceName="pedidos_valor_unitario_seq" defaultValue="" name="valor_unitario" nullable="0" physicalName="valor_unitario" precision="0" referenceCount="1" scale="0" sourceDataTypeName="UserDefinedSQLType" type="3" userDefinedTypeUUID="cc1304ea-628a-4fc5-a84a-06ba14759152" >
     <remarks></remarks>
    </column>
    <column id="COL13" populated="true" UUID="17d95e6f-7c3b-492e-ab87-9268b7d8395d" autoIncrement="false" autoIncrementSequenceName="pedidos_cpf_seq" defaultValue="" name="cpf" nullable="0" physicalName="cpf" precision="0" referenceCount="1" scale="0" sourceDataTypeName="UserDefinedSQLType" type="-9" userDefinedTypeUUID="087a20b8-b387-474a-b9c8-55eb87aff017" >
     <remarks></remarks>
    </column>
    <column id="COL14" populated="true" UUID="d8e6366f-f819-46ea-a2b0-af84579e8152" autoIncrement="false" autoIncrementSequenceName="pedidos_cliente_seq" defaultValue="" name="cliente" nullable="0" physicalName="cliente" precision="0" referenceCount="1" scale="0" sourceDataTypeName="UserDefinedSQLType" type="-9" userDefinedTypeUUID="087a20b8-b387-474a-b9c8-55eb87aff017" >
     <remarks></remarks>
    </column>
    <column id="COL15" populated="true" UUID="f9312ce1-d5d9-4f3c-8e74-8fb521f3d6f1" autoIncrement="false" autoIncrementSequenceName="pedidos_endereco_seq" defaultValue="" name="endereco" nullable="0" physicalName="endereco" precision="0" referenceCount="1" scale="0" sourceDataTypeName="UserDefinedSQLType" type="-9" userDefinedTypeUUID="087a20b8-b387-474a-b9c8-55eb87aff017" >
     <remarks></remarks>
    </column>
    <column id="COL16" populated="true" UUID="ab01d518-222a-4094-8ba9-5f719f392973" autoIncrement="false" autoIncrementSequenceName="pedidos_telefone_seq" defaultValue="" name="telefone" nullable="0" physicalName="telefone" precision="0" referenceCount="1" scale="0" sourceDataTypeName="UserDefinedSQLType" type="-9" userDefinedTypeUUID="087a20b8-b387-474a-b9c8-55eb87aff017" >
     <remarks></remarks>
    </column>
    </folder>
    <folder id="FOLTAB13" populated="true" name="Exported Keys" physicalName="Exported Keys" type="3">
    </folder>
    <folder id="FOLTAB12" populated="true" name="Imported Keys" physicalName="Imported Keys" type="2">
    </folder>
    <folder id="FOLTAB14" populated="true" name="Indices" physicalName="Indices" type="4">
    <index id="IDX17" populated="true" UUID="3dc285e8-c2a9-458d-9c41-94a670b846cd" clustered="false" name="nota_fiscal" physicalName="nota_fiscal" primaryKeyIndex="true" unique="false" >
     <index-column id="IDC18" populated="true" UUID="2a13f7dc-8236-4376-95e0-da79371b606f" ascendingOrDescending="UNSPECIFIED" column-ref="COL2" name="nota_fiscal" physicalName="nota_fiscal" />
    </index>
   </folder>
  </table>
  <relationships>
  </relationships>
 </target-database>
 <ddl-generator type="ca.sqlpower.architect.ddl.GenericDDLGenerator" allow-connection="true"> </ddl-generator>
 <liquibase-settings useSeparateChangeSets="false" generateId="false" idStart="1"/>
 <create-kettle-job-settings filePath="" jobName="" schemaName="" kettleJoinType="0" savingToFile="true" />
 <play-pen zoom="1.414213562373095" viewportX="0" viewportY="0" relationship-style="rectilinear" names-displayLogicalNames="true" showPrimaryTag="true" showForeignTag="true" showAlternateTag="true" columnVisibility="ALL" relationshipLabelVisibility="true">
  <table-pane table-ref="TAB1" x="127" y="38" bgColor="0xeeeeee" fgColor="0x000000" rounded="false" dashed="false"/>
 </play-pen>
 <critic-manager>
  <critic-grouping platformType="Generic" enabled="true">
   <critic-settings class="ca.sqlpower.architect.ddl.critic.impl.PrimaryKeyCritic" severity="ERROR"/>
   <critic-settings class="ca.sqlpower.architect.ddl.critic.impl.RelationshipMappingTypeCritic" severity="ERROR"/>
   <critic-settings class="ca.sqlpower.architect.ddl.critic.impl.EmptyRelationshipCritic" severity="ERROR"/>
   <critic-settings class="ca.sqlpower.architect.ddl.critic.impl.AlphaNumericNameCritic" severity="ERROR"/>
   <critic-settings class="ca.sqlpower.architect.ddl.critic.impl.AlphaNumericSequenceNameCritic" severity="ERROR"/>
   <critic-settings class="ca.sqlpower.architect.ddl.critic.impl.SetDefaultOnColumnWithNoDefaultCritic" severity="ERROR"/>
   <critic-settings class="ca.sqlpower.architect.ddl.critic.impl.SetNullOnNonNullableColumnCritic" severity="ERROR"/>
   <critic-settings class="ca.sqlpower.architect.ddl.critic.impl.DuplicateNameCritic" severity="ERROR"/>
  </critic-grouping>
  <critic-grouping platformType="DB2" enabled="true">
   <critic-settings class="ca.sqlpower.architect.ddl.critic.impl.DB2UnsupportedFeaturesCritic" severity="ERROR"/>
  </critic-grouping>
  <critic-grouping platformType="H2" enabled="true">
   <critic-settings class="ca.sqlpower.architect.ddl.critic.impl.H2UnsupportedFeaturesCritic" severity="ERROR"/>
  </critic-grouping>
  <critic-grouping platformType="HSQLDB" enabled="true">
   <critic-settings class="ca.sqlpower.architect.ddl.critic.impl.HSQLDBUnsupportedFeaturesCritic" severity="ERROR"/>
  </critic-grouping>
  <critic-grouping platformType="MySQL" enabled="true">
   <critic-settings class="ca.sqlpower.architect.ddl.critic.impl.MySQLCommentCritic" severity="ERROR"/>
   <critic-settings class="ca.sqlpower.architect.ddl.critic.impl.MySQLReservedWordsCritic" severity="ERROR"/>
   <critic-settings class="ca.sqlpower.architect.ddl.critic.impl.MySQLUnsupportedFeaturesCritic" severity="ERROR"/>
  </critic-grouping>
  <critic-grouping platformType="Oracle" enabled="true">
   <critic-settings class="ca.sqlpower.architect.ddl.critic.impl.OraclePhysicalNameCritic" severity="ERROR"/>
   <critic-settings class="ca.sqlpower.architect.ddl.critic.impl.OracleReservedWordsCritic" severity="ERROR"/>
   <critic-settings class="ca.sqlpower.architect.ddl.critic.impl.OracleUnsupportedFeaturesCritic" severity="ERROR"/>
  </critic-grouping>
  <critic-grouping platformType="PostgreSQL" enabled="true">
   <critic-settings class="ca.sqlpower.architect.ddl.critic.impl.PostgreSQLReservedWordsCritic" severity="ERROR"/>
  </critic-grouping>
  <critic-grouping platformType="SQL Server" enabled="true">
   <critic-settings class="ca.sqlpower.architect.ddl.critic.impl.SQLServerUnsupportedFeaturesCritic" severity="ERROR"/>
   <critic-settings class="ca.sqlpower.architect.ddl.critic.impl.SQLServerReservedWordsCritic" severity="ERROR"/>
  </critic-grouping>
  <critic-grouping platformType="SQL Server 2000" enabled="true">
   <critic-settings class="ca.sqlpower.architect.ddl.critic.impl.SQLServer2000UnsupportedFeaturesCritic" severity="ERROR"/>
  </critic-grouping>
  <critic-grouping platformType="SQL Server 2005" enabled="true">
   <critic-settings class="ca.sqlpower.architect.ddl.critic.impl.SQLServer2005UnsupportedFeaturesCritic" severity="ERROR"/>
  </critic-grouping>
 </critic-manager>
 <profiles topNCount="10">
  </profiles>
  <olap>
  </olap>
  <olap-gui>
  </olap-gui>
</architect-project>
